<application>
  <component name="ProjectJdkTable">
    <jdk version="2">
      <name value="Python 3.7 (py37)" />
      <type value="Python SDK" />
      <version value="Python 3.7.7" />
      <homePath value="C:\Users\gou\Miniconda3\envs\py37\python.exe" />
      <roots>
        <classPath>
          <root type="composite">
            <root url="file://$USER_HOME$/Miniconda3/envs/py37/DLLs" type="simple" />
            <root url="file://$USER_HOME$/Miniconda3/envs/py37/Lib" type="simple" />
            <root url="file://$USER_HOME$/Miniconda3/envs/py37/Lib/site-packages" type="simple" />
            <root url="file://$USER_HOME$/Miniconda3/envs/py37/Lib/site-packages/win32" type="simple" />
            <root url="file://$USER_HOME$/Miniconda3/envs/py37/Lib/site-packages/win32/lib" type="simple" />
            <root url="file://$USER_HOME$/Miniconda3/envs/py37/Lib/site-packages/pythonwin" type="simple" />
            <root url="file://$USER_HOME$/Documents/Lokale_Repositories/4719R01375/ATHLET_Controller/external" type="simple" />
            <root url="file://$USER_HOME$/AppData/Local/JetBrains/PyCharmCE2020.3/python_stubs/-1108246500" type="simple" />
            <root url="file://$APPLICATION_HOME_DIR$/plugins/python-ce/helpers/python-skeletons" type="simple" />
            <root url="file://$APPLICATION_HOME_DIR$/plugins/python-ce/helpers/typeshed/stdlib/3.7" type="simple" />
            <root url="file://$APPLICATION_HOME_DIR$/plugins/python-ce/helpers/typeshed/stdlib/3" type="simple" />
            <root url="file://$APPLICATION_HOME_DIR$/plugins/python-ce/helpers/typeshed/stdlib/2and3" type="simple" />
            <root url="file://$APPLICATION_HOME_DIR$/plugins/python-ce/helpers/typeshed/third_party/3" type="simple" />
            <root url="file://$APPLICATION_HOME_DIR$/plugins/python-ce/helpers/typeshed/third_party/2and3" type="simple" />
          </root>
        </classPath>
        <sourcePath>
          <root type="composite" />
        </sourcePath>
      </roots>
      <additional>
        <PATHS_ADDED_BY_USER_ROOT PATH_ADDED_BY_USER="file://$USER_HOME$/Documents/Lokale_Repositories/4719R01375/ATHLET_Controller/external" />
      </additional>
    </jdk>
    <jdk version="2">
      <name value="Python 2.7 (py27)" />
      <type value="Python SDK" />
      <version value="Python 2.7.18" />
      <homePath value="C:\Users\gou\Miniconda3\envs\py27\python.exe" />
      <roots>
        <classPath>
          <root type="composite">
            <root url="file://$USER_HOME$/Miniconda3/envs/py27/DLLs" type="simple" />
            <root url="file://$USER_HOME$/Miniconda3/envs/py27/Lib" type="simple" />
            <root url="file://$USER_HOME$/Miniconda3/envs/py27/Lib/lib-tk" type="simple" />
            <root url="file://$USER_HOME$/Miniconda3/envs/py27/Lib/site-packages" type="simple" />
            <root url="file://$USER_HOME$/AppData/Local/JetBrains/PyCharmCE2020.3/python_stubs/-814843493" type="simple" />
            <root url="file://$APPLICATION_HOME_DIR$/plugins/python-ce/helpers/python-skeletons" type="simple" />
            <root url="file://$APPLICATION_HOME_DIR$/plugins/python-ce/helpers/typeshed/stdlib/2" type="simple" />
            <root url="file://$APPLICATION_HOME_DIR$/plugins/python-ce/helpers/typeshed/stdlib/2and3" type="simple" />
            <root url="file://$APPLICATION_HOME_DIR$/plugins/python-ce/helpers/typeshed/third_party/2" type="simple" />
            <root url="file://$APPLICATION_HOME_DIR$/plugins/python-ce/helpers/typeshed/third_party/2and3" type="simple" />
          </root>
        </classPath>
        <sourcePath>
          <root type="composite" />
        </sourcePath>
      </roots>
      <additional />
    </jdk>
    <jdk version="2">
      <name value="Python 3.7" />
      <type value="Python SDK" />
      <version value="Python 3.7.6" />
      <homePath value="C:\Users\gou\Miniconda3\python.exe" />
      <roots>
        <classPath>
          <root type="composite">
            <root url="file://$USER_HOME$/Miniconda3/DLLs" type="simple" />
            <root url="file://$USER_HOME$/Miniconda3/Lib" type="simple" />
            <root url="file://$USER_HOME$/Miniconda3/Lib/site-packages" type="simple" />
            <root url="file://$USER_HOME$/Miniconda3/Lib/site-packages/win32" type="simple" />
            <root url="file://$USER_HOME$/Miniconda3/Lib/site-packages/win32/lib" type="simple" />
            <root url="file://$USER_HOME$/Miniconda3/Lib/site-packages/pythonwin" type="simple" />
            <root url="file://$USER_HOME$/AppData/Local/JetBrains/PyCharmCE2020.3/python_stubs/-1743798877" type="simple" />
            <root url="file://$APPLICATION_HOME_DIR$/plugins/python-ce/helpers/python-skeletons" type="simple" />
            <root url="file://$APPLICATION_HOME_DIR$/plugins/python-ce/helpers/typeshed/stdlib/3.7" type="simple" />
            <root url="file://$APPLICATION_HOME_DIR$/plugins/python-ce/helpers/typeshed/stdlib/3" type="simple" />
            <root url="file://$APPLICATION_HOME_DIR$/plugins/python-ce/helpers/typeshed/stdlib/2and3" type="simple" />
            <root url="file://$APPLICATION_HOME_DIR$/plugins/python-ce/helpers/typeshed/third_party/3" type="simple" />
            <root url="file://$APPLICATION_HOME_DIR$/plugins/python-ce/helpers/typeshed/third_party/2and3" type="simple" />
          </root>
        </classPath>
        <sourcePath>
          <root type="composite" />
        </sourcePath>
      </roots>
      <additional />
    </jdk>
    <jdk version="2">
      <name value="Python 3.9 (pyqt)" />
      <type value="Python SDK" />
      <version value="Python 3.9.1" />
      <homePath value="C:\Users\gou\Miniconda3\envs\pyqt\python.exe" />
      <roots>
        <classPath>
          <root type="composite">
            <root url="file://$USER_HOME$/Miniconda3/envs/pyqt/DLLs" type="simple" />
            <root url="file://$USER_HOME$/Miniconda3/envs/pyqt/Lib" type="simple" />
            <root url="file://$USER_HOME$/Miniconda3/envs/pyqt/Lib/site-packages" type="simple" />
            <root url="file://$USER_HOME$/AppData/Local/JetBrains/PyCharmCE2020.3/python_stubs/1459714813" type="simple" />
            <root url="file://$APPLICATION_HOME_DIR$/plugins/python-ce/helpers/python-skeletons" type="simple" />
            <root url="file://$APPLICATION_HOME_DIR$/plugins/python-ce/helpers/typeshed/stdlib/3.9" type="simple" />
            <root url="file://$APPLICATION_HOME_DIR$/plugins/python-ce/helpers/typeshed/stdlib/3.7" type="simple" />
            <root url="file://$APPLICATION_HOME_DIR$/plugins/python-ce/helpers/typeshed/stdlib/3" type="simple" />
            <root url="file://$APPLICATION_HOME_DIR$/plugins/python-ce/helpers/typeshed/stdlib/2and3" type="simple" />
            <root url="file://$APPLICATION_HOME_DIR$/plugins/python-ce/helpers/typeshed/third_party/3" type="simple" />
            <root url="file://$APPLICATION_HOME_DIR$/plugins/python-ce/helpers/typeshed/third_party/2and3" type="simple" />
          </root>
        </classPath>
        <sourcePath>
          <root type="composite" />
        </sourcePath>
      </roots>
      <additional ASSOCIATED_PROJECT_PATH="$USER_HOME$/Documents/Lokale_Repositories/Personal/Python" />
    </jdk>
    <jdk version="2">
      <name value="Python 2.7 (py27qt)" />
      <type value="Python SDK" />
      <version value="Python 2.7.15" />
      <homePath value="C:\Users\gou\Miniconda3\envs\py27qt\python.exe" />
      <roots>
        <classPath>
          <root type="composite">
            <root url="file://$USER_HOME$/Miniconda3/envs/py27qt/DLLs" type="simple" />
            <root url="file://$USER_HOME$/Miniconda3/envs/py27qt/Lib" type="simple" />
            <root url="file://$USER_HOME$/Miniconda3/envs/py27qt/Lib/lib-tk" type="simple" />
            <root url="file://$USER_HOME$/Miniconda3/envs/py27qt/Lib/site-packages" type="simple" />
            <root url="file://$USER_HOME$/AppData/Local/JetBrains/PyCharmCE2020.3/python_stubs/-2133365608" type="simple" />
            <root url="file://$APPLICATION_HOME_DIR$/plugins/python-ce/helpers/python-skeletons" type="simple" />
            <root url="file://$APPLICATION_HOME_DIR$/plugins/python-ce/helpers/typeshed/stdlib/2" type="simple" />
            <root url="file://$APPLICATION_HOME_DIR$/plugins/python-ce/helpers/typeshed/stdlib/2and3" type="simple" />
            <root url="file://$APPLICATION_HOME_DIR$/plugins/python-ce/helpers/typeshed/third_party/2" type="simple" />
            <root url="file://$APPLICATION_HOME_DIR$/plugins/python-ce/helpers/typeshed/third_party/2and3" type="simple" />
          </root>
        </classPath>
        <sourcePath>
          <root type="composite" />
        </sourcePath>
      </roots>
      <additional />
    </jdk>
    <jdk version="2">
      <name value="Python 2.7 (base)" />
      <type value="Python SDK" />
      <version value="Python 2.7.14" />
      <homePath value="C:\Users\gou\Documents\Lokale_Repositories\atlasneo\.nutshell\python.exe" />
      <roots>
        <classPath>
          <root type="composite">
            <root url="file://$USER_HOME$/Documents/Lokale_Repositories/atlasneo/.nutshell/DLLs" type="simple" />
            <root url="file://$USER_HOME$/Documents/Lokale_Repositories/atlasneo/.nutshell/Lib" type="simple" />
            <root url="file://$USER_HOME$/Documents/Lokale_Repositories/atlasneo/.nutshell/Lib/lib-tk" type="simple" />
            <root url="file://$USER_HOME$/Documents/Lokale_Repositories/atlasneo/.nutshell/Lib/site-packages" type="simple" />
            <root url="file://$USER_HOME$/Documents/Lokale_Repositories/atlasneo/.nutshell/Lib/site-packages/win32" type="simple" />
            <root url="file://$USER_HOME$/Documents/Lokale_Repositories/atlasneo/.nutshell/Lib/site-packages/win32/lib" type="simple" />
            <root url="file://$USER_HOME$/Documents/Lokale_Repositories/atlasneo/.nutshell/Lib/site-packages/pythonwin" type="simple" />
            <root url="file://$USER_HOME$/AppData/Local/JetBrains/PyCharmCE2020.3/python_stubs/-1657938418" type="simple" />
            <root url="file://$APPLICATION_HOME_DIR$/plugins/python-ce/helpers/python-skeletons" type="simple" />
            <root url="file://$APPLICATION_HOME_DIR$/plugins/python-ce/helpers/typeshed/stdlib/2" type="simple" />
            <root url="file://$APPLICATION_HOME_DIR$/plugins/python-ce/helpers/typeshed/stdlib/2and3" type="simple" />
            <root url="file://$APPLICATION_HOME_DIR$/plugins/python-ce/helpers/typeshed/third_party/2" type="simple" />
            <root url="file://$APPLICATION_HOME_DIR$/plugins/python-ce/helpers/typeshed/third_party/2and3" type="simple" />
          </root>
        </classPath>
        <sourcePath>
          <root type="composite" />
        </sourcePath>
      </roots>
      <additional ASSOCIATED_PROJECT_PATH="$USER_HOME$/Documents/Lokale_Repositories/atlasneo" />
    </jdk>
    <jdk version="2">
      <name value="Python 3.7 (base)" />
      <type value="Python SDK" />
      <version value="Python 3.7.6" />
      <homePath value="C:\Users\gou\Documents\Lokale_Repositories\atlasneo3\.nutshell3\python.exe" />
      <roots>
        <classPath>
          <root type="composite">
            <root url="file://$USER_HOME$/Documents/Lokale_Repositories/atlasneo3/.nutshell3/DLLs" type="simple" />
            <root url="file://$USER_HOME$/Documents/Lokale_Repositories/atlasneo3/.nutshell3/Lib" type="simple" />
            <root url="file://$USER_HOME$/Documents/Lokale_Repositories/atlasneo3/.nutshell3/Lib/site-packages" type="simple" />
            <root url="file://$USER_HOME$/Documents/Lokale_Repositories/atlasneo3/.nutshell3/Lib/site-packages/win32" type="simple" />
            <root url="file://$USER_HOME$/Documents/Lokale_Repositories/atlasneo3/.nutshell3/Lib/site-packages/win32/lib" type="simple" />
            <root url="file://$USER_HOME$/Documents/Lokale_Repositories/atlasneo3/.nutshell3/Lib/site-packages/pythonwin" type="simple" />
            <root url="file://$USER_HOME$/AppData/Local/JetBrains/PyCharmCE2020.3/python_stubs/-1400519374" type="simple" />
            <root url="file://$APPLICATION_HOME_DIR$/plugins/python-ce/helpers/python-skeletons" type="simple" />
            <root url="file://$APPLICATION_HOME_DIR$/plugins/python-ce/helpers/typeshed/stdlib/3.7" type="simple" />
            <root url="file://$APPLICATION_HOME_DIR$/plugins/python-ce/helpers/typeshed/stdlib/3" type="simple" />
            <root url="file://$APPLICATION_HOME_DIR$/plugins/python-ce/helpers/typeshed/stdlib/2and3" type="simple" />
            <root url="file://$APPLICATION_HOME_DIR$/plugins/python-ce/helpers/typeshed/third_party/3" type="simple" />
            <root url="file://$APPLICATION_HOME_DIR$/plugins/python-ce/helpers/typeshed/third_party/2and3" type="simple" />
          </root>
        </classPath>
        <sourcePath>
          <root type="composite" />
        </sourcePath>
      </roots>
      <additional />
    </jdk>
  </component>
</application>